"Year","State","Region","Milk_cows_state","Milk_per_cows_state","Milk_production_state","Milk cow","Milk per cow","Milk production"
2014,"Connecticut","Northeast",19,20158,383,9261,22249,206048
2014,"Delaware","Northeast",4.8,20104,96.5,9261,22249,206048
2014,"Maine","Northeast",30,19967,599,9261,22249,206048
2014,"Maryland","Northeast",50,19820,991,9261,22249,206048
2014,"Massachusetts","Northeast",13,17923,233,9261,22249,206048
2014,"New Hampshire","Northeast",14,20143,282,9261,22249,206048
2014,"New Jersey","Northeast",7,18143,127,9261,22249,206048
2014,"New York","Northeast",615,22340,13739,9261,22249,206048
2014,"Pennsylvania","Northeast",530,20121,10664,9261,22249,206048
2014,"Rhode Island","Northeast",0.9,19000,17.1,9261,22249,206048
2014,"Vermont","Northeast",132,20197,2666,9261,22249,206048
2014,"Michigan","Lake States",390,24638,9609,9261,22249,206048
2014,"Minnesota","Lake States",460,19841,9127,9261,22249,206048
2014,"Wisconsin","Lake States",1271,21869,27795,9261,22249,206048
2014,"Illinois","Corn Belt",94,19681,1850,9261,22249,206048
2014,"Indiana","Corn Belt",178,21669,3857,9261,22249,206048
2014,"Iowa","Corn Belt",207,22449,4647,9261,22249,206048
2014,"Missouri","Corn Belt",90,15478,1393,9261,22249,206048
2014,"Ohio","Corn Belt",267,20318,5425,9261,22249,206048
2014,"Kansas","Northern Plains",141,22085,3114,9261,22249,206048
2014,"Nebraska","Northern Plains",54,22130,1195,9261,22249,206048
2014,"North Dakota","Northern Plains",16,20250,324,9261,22249,206048
2014,"South Dakota","Northern Plains",97,21753,2110,9261,22249,206048
2014,"Kentucky","Appalachia",63,15905,1002,9261,22249,206048
2014,"North Carolina","Appalachia",46,20891,961,9261,22249,206048
2014,"Tennessee","Appalachia",46,16196,745,9261,22249,206048
2014,"Virginia","Appalachia",93,19151,1781,9261,22249,206048
2014,"West Virginia","Appalachia",9,15556,140,9261,22249,206048
2014,"Alabama","Southeast",8,13625,109,9261,22249,206048
2014,"Florida","Southeast",123,20390,2508,9261,22249,206048
2014,"Georgia","Southeast",81,20877,1691,9261,22249,206048
2014,"South Carolina","Southeast",16,16500,264,9261,22249,206048
2014,"Arkansas","Delta States",7,13857,97,9261,22249,206048
2014,"Louisiana","Delta States",15,13600,204,9261,22249,206048
2014,"Mississippi","Delta States",13,14462,188,9261,22249,206048
2014,"Oklahoma","Southern Plains",40,18150,726,9261,22249,206048
2014,"Texas","Southern Plains",463,22268,10310,9261,22249,206048
2014,"Arizona","Mountain Region",196,24000,4704,9261,22249,206048
2014,"Colorado","Mountain Region",144,24951,3593,9261,22249,206048
2014,"Idaho","Mountain Region",575,24127,13873,9261,22249,206048
2014,"Montana","Mountain Region",14,21500,301,9261,22249,206048
2014,"Nevada","Mountain Region",29,23828,691,9261,22249,206048
2014,"New Mexico","Mountain Region",323,25093,8105,9261,22249,206048
2014,"Utah","Mountain Region",95,22989,2184,9261,22249,206048
2014,"Wyoming","Mountain Region",6,21583,129.5,9261,22249,206048
2014,"California","West Coast",1780,23786,42339,9261,22249,206048
2014,"Oregon","West Coast",124,20565,2550,9261,22249,206048
2014,"Washington","West Coast",273,24088,6576,9261,22249,206048
2014,"Alaska","Other States",0.3,11667,3.5,9261,22249,206048
2014,"Hawaii","Other States",2.2,13591,29.9,9261,22249,206048
2015,"Connecticut","Northeast",19,20842,396,9320,22372,208508
2015,"Delaware","Northeast",5,19780,98.9,9320,22372,208508
2015,"Maine","Northeast",30,19800,594,9320,22372,208508
2015,"Maryland","Northeast",49,20143,987,9320,22372,208508
2015,"Massachusetts","Northeast",12,18083,217,9320,22372,208508
2015,"New Hampshire","Northeast",14,20143,282,9320,22372,208508
2015,"New Jersey","Northeast",7,18286,128,9320,22372,208508
2015,"New York","Northeast",618,22788,14083,9320,22372,208508
2015,"Pennsylvania","Northeast",530,20377,10800,9320,22372,208508
2015,"Rhode Island","Northeast",0.9,17667,15.9,9320,22372,208508
2015,"Vermont","Northeast",132,20197,2666,9320,22372,208508
2015,"Michigan","Lake States",408,25150,10261,9320,22372,208508
2015,"Minnesota","Lake States",460,20570,9462,9320,22372,208508
2015,"Wisconsin","Lake States",1279,22697,29030,9320,22372,208508
2015,"Illinois","Corn Belt",94,20149,1894,9320,22372,208508
2015,"Indiana","Corn Belt",182,21786,3965,9320,22372,208508
2015,"Iowa","Corn Belt",211,22929,4838,9320,22372,208508
2015,"Missouri","Corn Belt",88,15091,1328,9320,22372,208508
2015,"Ohio","Corn Belt",267,20614,5504,9320,22372,208508
2015,"Kansas","Northern Plains",143,22210,3176,9320,22372,208508
2015,"Nebraska","Northern Plains",57,22930,1307,9320,22372,208508
2015,"North Dakota","Northern Plains",16,20750,332,9320,22372,208508
2015,"South Dakota","Northern Plains",106,22264,2360,9320,22372,208508
2015,"Kentucky","Appalachia",61,17656,1077,9320,22372,208508
2015,"North Carolina","Appalachia",47,20957,985,9320,22372,208508
2015,"Tennessee","Appalachia",45,16489,742,9320,22372,208508
2015,"Virginia","Appalachia",91,19473,1772,9320,22372,208508
2015,"West Virginia","Appalachia",9,15667,141,9320,22372,208508
2015,"Alabama","Southeast",8,12625,101,9320,22372,208508
2015,"Florida","Southeast",125,20664,2583,9320,22372,208508
2015,"Georgia","Southeast",83,21578,1791,9320,22372,208508
2015,"South Carolina","Southeast",15,17467,262,9320,22372,208508
2015,"Arkansas","Delta States",7,13000,91,9320,22372,208508
2015,"Louisiana","Delta States",14,13500,189,9320,22372,208508
2015,"Mississippi","Delta States",11,15000,165,9320,22372,208508
2015,"Oklahoma","Southern Plains",39,18718,730,9320,22372,208508
2015,"Texas","Southern Plains",463,22248,10301,9320,22372,208508
2015,"Arizona","Mountain Region",199,23794,4735,9320,22372,208508
2015,"Colorado","Mountain Region",148,25385,3757,9320,22372,208508
2015,"Idaho","Mountain Region",585,24126,14114,9320,22372,208508
2015,"Montana","Mountain Region",14,21357,299,9320,22372,208508
2015,"Nevada","Mountain Region",29,23069,669,9320,22372,208508
2015,"New Mexico","Mountain Region",323,24245,7831,9320,22372,208508
2015,"Utah","Mountain Region",96,23125,2220,9320,22372,208508
2015,"Wyoming","Mountain Region",6,22567,135.4,9320,22372,208508
2015,"California","West Coast",1776,23028,40897,9320,22372,208508
2015,"Oregon","West Coast",125,20408,2551,9320,22372,208508
2015,"Washington","West Coast",277,23848,6606,9320,22372,208508
2015,"Alaska","Other States",0.3,11667,3.5,9320,22372,208508
2015,"Hawaii","Other States",2.2,15909,35,9320,22372,208508
2016,"Connecticut","Northeast",19,21526,409,9334,22761,212451
2016,"Delaware","Northeast",5,19100,95.5,9334,22761,212451
2016,"Maine","Northeast",30,21000,630,9334,22761,212451
2016,"Maryland","Northeast",48,20021,961,9334,22761,212451
2016,"Massachusetts","Northeast",12,18417,221,9334,22761,212451
2016,"New Hampshire","Northeast",14,20500,287,9334,22761,212451
2016,"New Jersey","Northeast",7,17429,122,9334,22761,212451
2016,"New York","Northeast",620,23834,14777,9334,22761,212451
2016,"Pennsylvania","Northeast",529,20439,10812,9334,22761,212451
2016,"Rhode Island","Northeast",0.8,17625,14.1,9334,22761,212451
2016,"Vermont","Northeast",130,20977,2727,9334,22761,212451
2016,"Michigan","Lake States",419,25957,10876,9334,22761,212451
2016,"Minnesota","Lake States",461,20967,9666,9334,22761,212451
2016,"Wisconsin","Lake States",1279,23542,30110,9334,22761,212451
2016,"Illinois","Corn Belt",94,20340,1912,9334,22761,212451
2016,"Indiana","Corn Belt",184,22527,4145,9334,22761,212451
2016,"Iowa","Corn Belt",213,23634,5034,9334,22761,212451
2016,"Missouri","Corn Belt",85,14847,1262,9334,22761,212451
2016,"Ohio","Corn Belt",265,21140,5602,9334,22761,212451
2016,"Kansas","Northern Plains",146,22801,3329,9334,22761,212451
2016,"Nebraska","Northern Plains",60,23317,1399,9334,22761,212451
2016,"North Dakota","Northern Plains",16,21500,344,9334,22761,212451
2016,"South Dakota","Northern Plains",115,22139,2546,9334,22761,212451
2016,"Kentucky","Appalachia",58,18052,1047,9334,22761,212451
2016,"North Carolina","Appalachia",46,20978,965,9334,22761,212451
2016,"Tennessee","Appalachia",42,16571,696,9334,22761,212451
2016,"Virginia","Appalachia",90,19144,1723,9334,22761,212451
2016,"West Virginia","Appalachia",9,14889,134,9334,22761,212451
2016,"Alabama","Southeast",7,13429,94,9334,22761,212451
2016,"Florida","Southeast",123,20293,2496,9334,22761,212451
2016,"Georgia","Southeast",84,21786,1830,9334,22761,212451
2016,"South Carolina","Southeast",15,16667,250,9334,22761,212451
2016,"Arkansas","Delta States",6,13667,82,9334,22761,212451
2016,"Louisiana","Delta States",12,14167,170,9334,22761,212451
2016,"Mississippi","Delta States",10,14300,143,9334,22761,212451
2016,"Oklahoma","Southern Plains",37,18703,692,9334,22761,212451
2016,"Texas","Southern Plains",477,22585,10773,9334,22761,212451
2016,"Arizona","Mountain Region",201,24065,4837,9334,22761,212451
2016,"Colorado","Mountain Region",153,25654,3925,9334,22761,212451
2016,"Idaho","Mountain Region",595,24647,14665,9334,22761,212451
2016,"Montana","Mountain Region",14,21071,295,9334,22761,212451
2016,"Nevada","Mountain Region",30,22000,660,9334,22761,212451
2016,"New Mexico","Mountain Region",315,24479,7711,9334,22761,212451
2016,"Utah","Mountain Region",91,22989,2092,9334,22761,212451
2016,"Wyoming","Mountain Region",6,23300,139.8,9334,22761,212451
2016,"California","West Coast",1762,22968,40469,9334,22761,212451
2016,"Oregon","West Coast",125,20744,2593,9334,22761,212451
2016,"Washington","West Coast",276,24094,6650,9334,22761,212451
2016,"Alaska","Other States",0.3,11667,3.5,9334,22761,212451
2016,"Hawaii","Other States",2.4,14542,34.9,9334,22761,212451
2017,"Connecticut","Northeast",19,22105,420,9406,22914,215527
2017,"Delaware","Northeast",5,18560,92.8,9406,22914,215527
2017,"Maine","Northeast",30,21000,630,9406,22914,215527
2017,"Maryland","Northeast",48,19917,956,9406,22914,215527
2017,"Massachusetts","Northeast",12,17583,211,9406,22914,215527
2017,"New Hampshire","Northeast",13,21000,273,9406,22914,215527
2017,"New Jersey","Northeast",6,19833,119,9406,22914,215527
2017,"New York","Northeast",624,23925,14929,9406,22914,215527
2017,"Pennsylvania","Northeast",525,20749,10893,9406,22914,215527
2017,"Rhode Island","Northeast",0.8,16250,13,9406,22914,215527
2017,"Vermont","Northeast",129,21155,2729,9406,22914,215527
2017,"Michigan","Lake States",427,26302,11231,9406,22914,215527
2017,"Minnesota","Lake States",458,21544,9867,9406,22914,215527
2017,"Wisconsin","Lake States",1278,23735,30333,9406,22914,215527
2017,"Illinois","Corn Belt",93,20742,1929,9406,22914,215527
2017,"Indiana","Corn Belt",187,22754,4255,9406,22914,215527
2017,"Iowa","Corn Belt",218,23757,5179,9406,22914,215527
2017,"Missouri","Corn Belt",85,14600,1241,9406,22914,215527
2017,"Ohio","Corn Belt",264,21284,5619,9406,22914,215527
2017,"Kansas","Northern Plains",152,23020,3499,9406,22914,215527
2017,"Nebraska","Northern Plains",60,24067,1444,9406,22914,215527
2017,"North Dakota","Northern Plains",16,21563,345,9406,22914,215527
2017,"South Dakota","Northern Plains",117,22376,2618,9406,22914,215527
2017,"Kentucky","Appalachia",56,18607,1042,9406,22914,215527
2017,"North Carolina","Appalachia",45,21156,952,9406,22914,215527
2017,"Tennessee","Appalachia",40,17325,693,9406,22914,215527
2017,"Virginia","Appalachia",87,19954,1736,9406,22914,215527
2017,"West Virginia","Appalachia",8,15875,127,9406,22914,215527
2017,"Alabama","Southeast",6,15000,90,9406,22914,215527
2017,"Florida","Southeast",124,20129,2496,9406,22914,215527
2017,"Georgia","Southeast",84,21905,1840,9406,22914,215527
2017,"South Carolina","Southeast",15,16533,248,9406,22914,215527
2017,"Arkansas","Delta States",6,13333,80,9406,22914,215527
2017,"Louisiana","Delta States",12,13417,161,9406,22914,215527
2017,"Mississippi","Delta States",9,15222,137,9406,22914,215527
2017,"Oklahoma","Southern Plains",40,18200,728,9406,22914,215527
2017,"Texas","Southern Plains",515,23406,12054,9406,22914,215527
2017,"Arizona","Mountain Region",208,24197,5033,9406,22914,215527
2017,"Colorado","Mountain Region",162,25858,4189,9406,22914,215527
2017,"Idaho","Mountain Region",600,24388,14633,9406,22914,215527
2017,"Montana","Mountain Region",13,22154,288,9406,22914,215527
2017,"Nevada","Mountain Region",32,22156,709,9406,22914,215527
2017,"New Mexico","Mountain Region",329,24960,8212,9406,22914,215527
2017,"Utah","Mountain Region",96,23073,2215,9406,22914,215527
2017,"Wyoming","Mountain Region",6,23033,138.2,9406,22914,215527
2017,"California","West Coast",1749,22755,39798,9406,22914,215527
2017,"Oregon","West Coast",124,20395,2529,9406,22914,215527
2017,"Washington","West Coast",274,23836,6531,9406,22914,215527
2017,"Alaska","Other States",0.3,9667,2.9,9406,22914,215527
2017,"Hawaii","Other States",2.3,16913,38.9,9406,22914,215527
2018,"Connecticut","Northeast",19,22474,427,9398,23152,217584
2018,"Delaware","Northeast",4.8,19063,91.5,9398,23152,217584
2018,"Maine","Northeast",30,20600,618,9398,23152,217584
2018,"Maryland","Northeast",45,20556,925,9398,23152,217584
2018,"Massachusetts","Northeast",11,18364,202,9398,23152,217584
2018,"New Hampshire","Northeast",12,20750,249,9398,23152,217584
2018,"New Jersey","Northeast",6,18333,110,9398,23152,217584
2018,"New York","Northeast",624,23849,14882,9398,23152,217584
2018,"Pennsylvania","Northeast",519,20534,10657,9398,23152,217584
2018,"Rhode Island","Northeast",0.7,16429,11.5,9398,23152,217584
2018,"Vermont","Northeast",127,21126,2683,9398,23152,217584
2018,"Michigan","Lake States",423,26397,11166,9398,23152,217584
2018,"Minnesota","Lake States",453,21784,9868,9398,23152,217584
2018,"Wisconsin","Lake States",1274,24002,30579,9398,23152,217584
2018,"Illinois","Corn Belt",91,20736,1887,9398,23152,217584
2018,"Indiana","Corn Belt",183,22754,4164,9398,23152,217584
2018,"Iowa","Corn Belt",220,23955,5270,9398,23152,217584
2018,"Missouri","Corn Belt",83,14349,1191,9398,23152,217584
2018,"Ohio","Corn Belt",259,21359,5532,9398,23152,217584
2018,"Kansas","Northern Plains",159,23321,3708,9398,23152,217584
2018,"Nebraska","Northern Plains",60,24000,1440,9398,23152,217584
2018,"North Dakota","Northern Plains",15,22333,335,9398,23152,217584
2018,"South Dakota","Northern Plains",121,22364,2706,9398,23152,217584
2018,"Kentucky","Appalachia",55,18345,1009,9398,23152,217584
2018,"North Carolina","Appalachia",44,21318,938,9398,23152,217584
2018,"Tennessee","Appalachia",37,17135,634,9398,23152,217584
2018,"Virginia","Appalachia",83,19699,1635,9398,23152,217584
2018,"West Virginia","Appalachia",7,15857,111,9398,23152,217584
2018,"Alabama","Southeast",5,14600,73,9398,23152,217584
2018,"Florida","Southeast",120,19833,2380,9398,23152,217584
2018,"Georgia","Southeast",83,21277,1766,9398,23152,217584
2018,"South Carolina","Southeast",14,17286,242,9398,23152,217584
2018,"Arkansas","Delta States",6,12500,75,9398,23152,217584
2018,"Louisiana","Delta States",11,13818,152,9398,23152,217584
2018,"Mississippi","Delta States",9,14333,129,9398,23152,217584
2018,"Oklahoma","Southern Plains",40,17950,718,9398,23152,217584
2018,"Texas","Southern Plains",537,23948,12860,9398,23152,217584
2018,"Arizona","Mountain Region",208,23909,4973,9398,23152,217584
2018,"Colorado","Mountain Region",176,25892,4557,9398,23152,217584
2018,"Idaho","Mountain Region",610,24834,15149,9398,23152,217584
2018,"Montana","Mountain Region",12,22833,274,9398,23152,217584
2018,"Nevada","Mountain Region",32,22938,734,9398,23152,217584
2018,"New Mexico","Mountain Region",330,25106,8285,9398,23152,217584
2018,"Utah","Mountain Region",100,23220,2322,9398,23152,217584
2018,"Wyoming","Mountain Region",6,23700,142.2,9398,23152,217584
2018,"California","West Coast",1734,23310,40420,9398,23152,217584
2018,"Oregon","West Coast",123,20577,2531,9398,23152,217584
2018,"Washington","West Coast",277,24318,6736,9398,23152,217584
2018,"Alaska","Other States",0.3,NA,2.8,9398,23152,217584
2018,"Hawaii","Other States",2,NA,33.9,9398,23152,217584
2019,"Connecticut","Northeast",19,22526,428,9335,23401,218444
2019,"Delaware","Northeast",4.1,17976,73.7,9335,23401,218444
2019,"Maine","Northeast",29,21414,621,9335,23401,218444
2019,"Maryland","Northeast",43,19535,840,9335,23401,218444
2019,"Massachusetts","Northeast",10,19300,193,9335,23401,218444
2019,"New Hampshire","Northeast",11,21727,239,9335,23401,218444
2019,"New Jersey","Northeast",5,20000,100,9335,23401,218444
2019,"New York","Northeast",627,24118,15122,9335,23401,218444
2019,"Pennsylvania","Northeast",489,20665,10105,9335,23401,218444
2019,"Rhode Island","Northeast",0.6,17667,10.6,9335,23401,218444
2019,"Vermont","Northeast",126,21405,2697,9335,23401,218444
2019,"Michigan","Lake States",426,26721,11383,9335,23401,218444
2019,"Minnesota","Lake States",448,22147,9922,9335,23401,218444
2019,"Wisconsin","Lake States",1268,24123,30588,9335,23401,218444
2019,"Illinois","Corn Belt",84,20810,1748,9335,23401,218444
2019,"Indiana","Corn Belt",178,22899,4076,9335,23401,218444
2019,"Iowa","Corn Belt",218,24271,5291,9335,23401,218444
2019,"Missouri","Corn Belt",78,14115,1101,9335,23401,218444
2019,"Ohio","Corn Belt",251,21614,5425,9335,23401,218444
2019,"Kansas","Northern Plains",163,23423,3818,9335,23401,218444
2019,"Nebraska","Northern Plains",58,24293,1409,9335,23401,218444
2019,"North Dakota","Northern Plains",15,21733,326,9335,23401,218444
2019,"South Dakota","Northern Plains",125,22480,2810,9335,23401,218444
2019,"Kentucky","Appalachia",50,18840,942,9335,23401,218444
2019,"North Carolina","Appalachia",42,21476,902,9335,23401,218444
2019,"Tennessee","Appalachia",32,17219,551,9335,23401,218444
2019,"Virginia","Appalachia",75,19867,1490,9335,23401,218444
2019,"West Virginia","Appalachia",6,15000,90,9335,23401,218444
2019,"Alabama","Southeast",5,12000,60,9335,23401,218444
2019,"Florida","Southeast",116,20224,2346,9335,23401,218444
2019,"Georgia","Southeast",82,21598,1771,9335,23401,218444
2019,"South Carolina","Southeast",12,17250,207,9335,23401,218444
2019,"Arkansas","Delta States",5,13400,67,9335,23401,218444
2019,"Louisiana","Delta States",10,13600,136,9335,23401,218444
2019,"Mississippi","Delta States",8,15750,126,9335,23401,218444
2019,"Oklahoma","Southern Plains",41,17634,723,9335,23401,218444
2019,"Texas","Southern Plains",565,24513,13850,9335,23401,218444
2019,"Arizona","Mountain Region",198,24096,4771,9335,23401,218444
2019,"Colorado","Mountain Region",186,25844,4807,9335,23401,218444
2019,"Idaho","Mountain Region",625,25016,15635,9335,23401,218444
2019,"Montana","Mountain Region",12,21583,259,9335,23401,218444
2019,"Nevada","Mountain Region",33,23182,765,9335,23401,218444
2019,"New Mexico","Mountain Region",326,25113,8187,9335,23401,218444
2019,"Utah","Mountain Region",98,23061,2260,9335,23401,218444
2019,"Wyoming","Mountain Region",6,24433,146.6,9335,23401,218444
2019,"California","West Coast",1725,23539,40605,9335,23401,218444
2019,"Oregon","West Coast",126,20897,2633,9335,23401,218444
2019,"Washington","West Coast",280,24225,6783,9335,23401,218444
2019,"Alaska","Other States",NA,NA,NA,9335,23401,218444
2019,"Hawaii","Other States",NA,NA,NA,9335,23401,218444
2020,"Connecticut","Northeast",19,23053,438,9396,23764,223282
2020,"Delaware","Northeast",3.8,18553,70.5,9396,23764,223282
2020,"Maine","Northeast",27,21889,591,9396,23764,223282
2020,"Maryland","Northeast",42,20976,881,9396,23764,223282
2020,"Massachusetts","Northeast",10,20000,200,9396,23764,223282
2020,"New Hampshire","Northeast",11,21455,236,9396,23764,223282
2020,"New Jersey","Northeast",5,20200,101,9396,23764,223282
2020,"New York","Northeast",626,24435,15296,9396,23764,223282
2020,"Pennsylvania","Northeast",482,21326,10279,9396,23764,223282
2020,"Rhode Island","Northeast",0.5,21800,10.9,9396,23764,223282
2020,"Vermont","Northeast",122,21336,2603,9396,23764,223282
2020,"Michigan","Lake States",431,27070,11667,9396,23764,223282
2020,"Minnesota","Lake States",448,22692,10166,9396,23764,223282
2020,"Wisconsin","Lake States",1259,24423,30749,9396,23764,223282
2020,"Illinois","Corn Belt",84,21321,1791,9396,23764,223282
2020,"Indiana","Corn Belt",184,23554,4334,9396,23764,223282
2020,"Iowa","Corn Belt",218,24651,5374,9396,23764,223282
2020,"Missouri","Corn Belt",76,14303,1087,9396,23764,223282
2020,"Ohio","Corn Belt",255,21996,5609,9396,23764,223282
2020,"Kansas","Northern Plains",170,23682,4026,9396,23764,223282
2020,"Nebraska","Northern Plains",59,24746,1460,9396,23764,223282
2020,"North Dakota","Northern Plains",15,21867,328,9396,23764,223282
2020,"South Dakota","Northern Plains",136,22941,3120,9396,23764,223282
2020,"Kentucky","Appalachia",48,19563,939,9396,23764,223282
2020,"North Carolina","Appalachia",41,21829,895,9396,23764,223282
2020,"Tennessee","Appalachia",30,18067,542,9396,23764,223282
2020,"Virginia","Appalachia",75,20293,1522,9396,23764,223282
2020,"West Virginia","Appalachia",6,14833,89,9396,23764,223282
2020,"Alabama","Southeast",3,14667,44,9396,23764,223282
2020,"Florida","Southeast",113,20230,2286,9396,23764,223282
2020,"Georgia","Southeast",81,21852,1770,9396,23764,223282
2020,"South Carolina","Southeast",10,18700,187,9396,23764,223282
2020,"Arkansas","Delta States",5,12800,64,9396,23764,223282
2020,"Louisiana","Delta States",10,13400,134,9396,23764,223282
2020,"Mississippi","Delta States",8,16375,131,9396,23764,223282
2020,"Oklahoma","Southern Plains",41,17829,731,9396,23764,223282
2020,"Texas","Southern Plains",595,24966,14855,9396,23764,223282
2020,"Arizona","Mountain Region",200,24445,4889,9396,23764,223282
2020,"Colorado","Mountain Region",197,26142,5150,9396,23764,223282
2020,"Idaho","Mountain Region",645,25178,16240,9396,23764,223282
2020,"Montana","Mountain Region",12,21167,254,9396,23764,223282
2020,"Nevada","Mountain Region",33,23788,785,9396,23764,223282
2020,"New Mexico","Mountain Region",330,24755,8169,9396,23764,223282
2020,"Utah","Mountain Region",96,23229,2230,9396,23764,223282
2020,"Wyoming","Mountain Region",7.5,25173,188.8,9396,23764,223282
2020,"California","West Coast",1722,23990,41311,9396,23764,223282
2020,"Oregon","West Coast",126,20929,2637,9396,23764,223282
2020,"Washington","West Coast",280,24346,6817,9396,23764,223282
2020,"Alaska","Other States",NA,NA,NA,9396,23764,223282
2020,"Hawaii","Other States",NA,NA,NA,9396,23764,223282
2021,"Connecticut","Northeast",19,22895,435,9449,23943,226238
2021,"Delaware","Northeast",2.9,17931,52,9449,23943,226238
2021,"Maine","Northeast",27,21148,571,9449,23943,226238
2021,"Maryland","Northeast",42,20857,876,9449,23943,226238
2021,"Massachusetts","Northeast",10,19500,195,9449,23943,226238
2021,"New Hampshire","Northeast",11,20636,227,9449,23943,226238
2021,"New Jersey","Northeast",4,22500,90,9449,23943,226238
2021,"New York","Northeast",627,24785,15540,9449,23943,226238
2021,"Pennsylvania","Northeast",474,21338,10114,9449,23943,226238
2021,"Rhode Island","Northeast",0.5,20200,10.1,9449,23943,226238
2021,"Vermont","Northeast",120,21392,2567,9449,23943,226238
2021,"Michigan","Lake States",440,27070,11911,9449,23943,226238
2021,"Minnesota","Lake States",461,22857,10537,9449,23943,226238
2021,"Wisconsin","Lake States",1274,24889,31708,9449,23943,226238
2021,"Illinois","Corn Belt",82,21598,1771,9449,23943,226238
2021,"Indiana","Corn Belt",192,23641,4539,9449,23943,226238
2021,"Iowa","Corn Belt",226,24504,5538,9449,23943,226238
2021,"Missouri","Corn Belt",71,14225,1010,9449,23943,226238
2021,"Ohio","Corn Belt",257,21961,5644,9449,23943,226238
2021,"Kansas","Northern Plains",172,23831,4099,9449,23943,226238
2021,"Nebraska","Northern Plains",58,24552,1424,9449,23943,226238
2021,"North Dakota","Northern Plains",15,22333,335,9449,23943,226238
2021,"South Dakota","Northern Plains",156,23090,3602,9449,23943,226238
2021,"Kentucky","Appalachia",46,19739,908,9449,23943,226238
2021,"North Carolina","Appalachia",40,22925,917,9449,23943,226238
2021,"Tennessee","Appalachia",28,18143,508,9449,23943,226238
2021,"Virginia","Appalachia",73,20151,1471,9449,23943,226238
2021,"West Virginia","Appalachia",5,15000,75,9449,23943,226238
2021,"Alabama","Southeast",3,13000,39,9449,23943,226238
2021,"Florida","Southeast",108,20093,2170,9449,23943,226238
2021,"Georgia","Southeast",82,21927,1798,9449,23943,226238
2021,"South Carolina","Southeast",9,17889,161,9449,23943,226238
2021,"Arkansas","Delta States",5,12200,61,9449,23943,226238
2021,"Louisiana","Delta States",9,14000,126,9449,23943,226238
2021,"Mississippi","Delta States",7,15143,106,9449,23943,226238
2021,"Oklahoma","Southern Plains",40,17725,709,9449,23943,226238
2021,"Texas","Southern Plains",622,25079,15599,9449,23943,226238
2021,"Arizona","Mountain Region",198,24333,4818,9449,23943,226238
2021,"Colorado","Mountain Region",203,25985,5275,9449,23943,226238
2021,"Idaho","Mountain Region",652,25172,16412,9449,23943,226238
2021,"Montana","Mountain Region",11,22091,243,9449,23943,226238
2021,"Nevada","Mountain Region",34,24382,829,9449,23943,226238
2021,"New Mexico","Mountain Region",317,24546,7781,9449,23943,226238
2021,"Utah","Mountain Region",96,23167,2224,9449,23943,226238
2021,"Wyoming","Mountain Region",8.5,25918,220.3,9449,23943,226238
2021,"California","West Coast",1720,24338,41861,9449,23943,226238
2021,"Oregon","West Coast",125,20976,2622,9449,23943,226238
2021,"Washington","West Coast",271,24000,6504,9449,23943,226238
2021,"Alaska","Other States",NA,NA,NA,9449,23943,226238
2021,"Hawaii","Other States",NA,NA,NA,9449,23943,226238
2022,"Connecticut","Northeast",18,23889,430,9400,24087,226416
2022,"Delaware","Northeast",2.7,17815,48.1,9400,24087,226416
2022,"Maine","Northeast",26,21308,554,9400,24087,226416
2022,"Maryland","Northeast",41,20537,842,9400,24087,226416
2022,"Massachusetts","Northeast",9,20889,188,9400,24087,226416
2022,"New Hampshire","Northeast",10,21900,219,9400,24087,226416
2022,"New Jersey","Northeast",4,22000,88,9400,24087,226416
2022,"New York","Northeast",624,25074,15646,9400,24087,226416
2022,"Pennsylvania","Northeast",468,21259,9949,9400,24087,226416
2022,"Rhode Island","Northeast",0.5,20000,10,9400,24087,226416
2022,"Vermont","Northeast",118,21644,2554,9400,24087,226416
2022,"Michigan","Lake States",429,27359,11737,9400,24087,226416
2022,"Minnesota","Lake States",453,23117,10472,9400,24087,226416
2022,"Wisconsin","Lake States",1272,25064,31882,9400,24087,226416
2022,"Illinois","Corn Belt",80,21425,1714,9400,24087,226416
2022,"Indiana","Corn Belt",185,23627,4371,9400,24087,226416
2022,"Iowa","Corn Belt",234,24658,5770,9400,24087,226416
2022,"Missouri","Corn Belt",67,14045,941,9400,24087,226416
2022,"Ohio","Corn Belt",250,22104,5526,9400,24087,226416
2022,"Kansas","Northern Plains",173,23942,4142,9400,24087,226416
2022,"Nebraska","Northern Plains",57,24842,1416,9400,24087,226416
2022,"North Dakota","Northern Plains",14,22786,319,9400,24087,226416
2022,"South Dakota","Northern Plains",180,23117,4161,9400,24087,226416
2022,"Kentucky","Appalachia",45,20578,926,9400,24087,226416
2022,"North Carolina","Appalachia",39,23385,912,9400,24087,226416
2022,"Tennessee","Appalachia",27,18259,493,9400,24087,226416
2022,"Virginia","Appalachia",70,20343,1424,9400,24087,226416
2022,"West Virginia","Appalachia",5,15000,75,9400,24087,226416
2022,"Alabama","Southeast",3,10667,32,9400,24087,226416
2022,"Florida","Southeast",96,20073,1927,9400,24087,226416
2022,"Georgia","Southeast",92,22043,2028,9400,24087,226416
2022,"South Carolina","Southeast",9,17889,161,9400,24087,226416
2022,"Arkansas","Delta States",4,11250,45,9400,24087,226416
2022,"Louisiana","Delta States",9,12444,112,9400,24087,226416
2022,"Mississippi","Delta States",7,12857,90,9400,24087,226416
2022,"Oklahoma","Southern Plains",40,17900,716,9400,24087,226416
2022,"Texas","Southern Plains",646,25590,16531,9400,24087,226416
2022,"Arizona","Mountain Region",197,24223,4772,9400,24087,226416
2022,"Colorado","Mountain Region",205,25922,5314,9400,24087,226416
2022,"Idaho","Mountain Region",656,25348,16628,9400,24087,226416
2022,"Montana","Mountain Region",10,22300,223,9400,24087,226416
2022,"Nevada","Mountain Region",33,24061,794,9400,24087,226416
2022,"New Mexico","Mountain Region",288,24809,7145,9400,24087,226416
2022,"Utah","Mountain Region",93,23333,2170,9400,24087,226416
2022,"Wyoming","Mountain Region",9.3,25763,239.6,9400,24087,226416
2022,"California","West Coast",1719,24316,41800,9400,24087,226416
2022,"Oregon","West Coast",126,20913,2635,9400,24087,226416
2022,"Washington","West Coast",259,24089,6239,9400,24087,226416
2022,"Alaska","Other States",NA,NA,NA,9400,24087,226416
2022,"Hawaii","Other States",NA,NA,NA,9400,24087,226416
2023,"Connecticut","Northeast",18,23722,427,9384,24117,226311
2023,"Delaware","Northeast",2.7,17815,48.1,9384,24117,226311
2023,"Maine","Northeast",25,21680,542,9384,24117,226311
2023,"Maryland","Northeast",40,21150,846,9384,24117,226311
2023,"Massachusetts","Northeast",9,20000,180,9384,24117,226311
2023,"New Hampshire","Northeast",9.5,21789,207,9384,24117,226311
2023,"New Jersey","Northeast",4,21500,86,9384,24117,226311
2023,"New York","Northeast",630,25492,16060,9384,24117,226311
2023,"Pennsylvania","Northeast",466,21157,9859,9384,24117,226311
2023,"Rhode Island","Northeast",0.5,19200,9.6,9384,24117,226311
2023,"Vermont","Northeast",117,21675,2536,9384,24117,226311
2023,"Michigan","Lake States",438,27523,12055,9384,24117,226311
2023,"Minnesota","Lake States",452,23226,10498,9384,24117,226311
2023,"Wisconsin","Lake States",1270,25294,32123,9384,24117,226311
2023,"Illinois","Corn Belt",79,21620,1708,9384,24117,226311
2023,"Indiana","Corn Belt",190,23753,4513,9384,24117,226311
2023,"Iowa","Corn Belt",240,24679,5923,9384,24117,226311
2023,"Missouri","Corn Belt",62,13984,867,9384,24117,226311
2023,"Ohio","Corn Belt",253,22364,5658,9384,24117,226311
2023,"Kansas","Northern Plains",175,23857,4175,9384,24117,226311
2023,"Nebraska","Northern Plains",54,24815,1340,9384,24117,226311
2023,"North Dakota","Northern Plains",11.5,23478,270,9384,24117,226311
2023,"South Dakota","Northern Plains",195,23015,4488,9384,24117,226311
2023,"Kentucky","Appalachia",45,20333,915,9384,24117,226311
2023,"North Carolina","Appalachia",38,23526,894,9384,24117,226311
2023,"Tennessee","Appalachia",25,18680,467,9384,24117,226311
2023,"Virginia","Appalachia",68,20882,1420,9384,24117,226311
2023,"West Virginia","Appalachia",4.5,14889,67,9384,24117,226311
2023,"Alabama","Southeast",2.3,11739,27,9384,24117,226311
2023,"Florida","Southeast",97,21093,2046,9384,24117,226311
2023,"Georgia","Southeast",89,21730,1934,9384,24117,226311
2023,"South Carolina","Southeast",8.5,17412,148,9384,24117,226311
2023,"Arkansas","Delta States",2.7,12222,33,9384,24117,226311
2023,"Louisiana","Delta States",7.5,13467,101,9384,24117,226311
2023,"Mississippi","Delta States",6,12333,74,9384,24117,226311
2023,"Oklahoma","Southern Plains",39,17692,690,9384,24117,226311
2023,"Texas","Southern Plains",642,25802,16565,9384,24117,226311
2023,"Arizona","Mountain Region",198,24348,4821,9384,24117,226311
2023,"Colorado","Mountain Region",201,25930,5212,9384,24117,226311
2023,"Idaho","Mountain Region",667,25228,16827,9384,24117,226311
2023,"Montana","Mountain Region",9.5,22105,210,9384,24117,226311
2023,"Nevada","Mountain Region",32,23781,761,9384,24117,226311
2023,"New Mexico","Mountain Region",271,24587,6663,9384,24117,226311
2023,"Utah","Mountain Region",90,23178,2086,9384,24117,226311
2023,"Wyoming","Mountain Region",9.5,25674,243.9,9384,24117,226311
2023,"California","West Coast",1714,23862,40900,9384,24117,226311
2023,"Oregon","West Coast",122,20934,2554,9384,24117,226311
2023,"Washington","West Coast",258,24136,6227,9384,24117,226311
2023,"Alaska","Other States",NA,NA,NA,9384,24117,226311
2023,"Hawaii","Other States",NA,NA,NA,9384,24117,226311
2024,"Connecticut","Northeast",17.5,24229,424,9342,24178,225868
2024,"Delaware","Northeast",2.6,18154,47.2,9342,24178,225868
2024,"Maine","Northeast",24,22667,544,9342,24178,225868
2024,"Maryland","Northeast",39,21000,819,9342,24178,225868
2024,"Massachusetts","Northeast",9,20000,180,9342,24178,225868
2024,"New Hampshire","Northeast",9.5,21474,204,9342,24178,225868
2024,"New Jersey","Northeast",3.9,21538,84,9342,24178,225868
2024,"New York","Northeast",630,25559,16102,9342,24178,225868
2024,"Pennsylvania","Northeast",465,21037,9782,9342,24178,225868
2024,"Rhode Island","Northeast",0.5,17200,8.6,9342,24178,225868
2024,"Vermont","Northeast",114,21746,2479,9342,24178,225868
2024,"Michigan","Lake States",438,27680,12124,9342,24178,225868
2024,"Minnesota","Lake States",444,23405,10392,9342,24178,225868
2024,"Wisconsin","Lake States",1269,25493,32351,9342,24178,225868
2024,"Illinois","Corn Belt",78,21782,1699,9342,24178,225868
2024,"Indiana","Corn Belt",190,23753,4513,9342,24178,225868
2024,"Iowa","Corn Belt",243,24749,6014,9342,24178,225868
2024,"Missouri","Corn Belt",57,14000,798,9342,24178,225868
2024,"Ohio","Corn Belt",253,22506,5694,9342,24178,225868
2024,"Kansas","Northern Plains",177,23876,4226,9342,24178,225868
2024,"Nebraska","Northern Plains",50,24940,1247,9342,24178,225868
2024,"North Dakota","Northern Plains",9.5,24000,228,9342,24178,225868
2024,"South Dakota","Northern Plains",213,23239,4950,9342,24178,225868
2024,"Kentucky","Appalachia",42,20143,846,9342,24178,225868
2024,"North Carolina","Appalachia",38,22553,857,9342,24178,225868
2024,"Tennessee","Appalachia",24,18708,449,9342,24178,225868
2024,"Virginia","Appalachia",67,20851,1397,9342,24178,225868
2024,"West Virginia","Appalachia",4,14750,59,9342,24178,225868
2024,"Alabama","Southeast",2.3,11739,27,9342,24178,225868
2024,"Florida","Southeast",99,20505,2030,9342,24178,225868
2024,"Georgia","Southeast",85,22953,1951,9342,24178,225868
2024,"South Carolina","Southeast",8,18125,145,9342,24178,225868
2024,"Arkansas","Delta States",2.1,12381,26,9342,24178,225868
2024,"Louisiana","Delta States",7.5,12400,93,9342,24178,225868
2024,"Mississippi","Delta States",5.5,11818,65,9342,24178,225868
2024,"Oklahoma","Southern Plains",40,18450,738,9342,24178,225868
2024,"Texas","Southern Plains",657,25932,17037,9342,24178,225868
2024,"Arizona","Mountain Region",192,24438,4692,9342,24178,225868
2024,"Colorado","Mountain Region",203,25892,5256,9342,24178,225868
2024,"Idaho","Mountain Region",671,25370,17023,9342,24178,225868
2024,"Montana","Mountain Region",8.5,23294,198,9342,24178,225868
2024,"Nevada","Mountain Region",31,25097,778,9342,24178,225868
2024,"New Mexico","Mountain Region",240,24717,5932,9342,24178,225868
2024,"Utah","Mountain Region",91,23297,2120,9342,24178,225868
2024,"Wyoming","Mountain Region",9,27578,248.2,9342,24178,225868
2024,"California","West Coast",1708,23585,40283,9342,24178,225868
2024,"Oregon","West Coast",117,20957,2452,9342,24178,225868
2024,"Washington","West Coast",259,24124,6248,9342,24178,225868
2024,"Alaska","Other States",NA,NA,NA,9342,24178,225868
2024,"Hawaii","Other States",NA,NA,NA,9342,24178,225868
